exception,exception_ratio
success,0.5804878048780487
403,0.004878048780487805
404,0.01707317073170732
timeout,0.02926829268292683
ublock,0.14390243902439023
neterror,0.22439024390243903
